camera	beachaudio	manufacturer
247	247	441	37
0000	2	Canon	Canon, Inc
0001	2	Canon	Canon, Inc
0002	2	Canon	Canon, Inc
0003	2	Canon	Canon, Inc
0004	2	Canon	Canon, Inc
0005	2	Canon	Canon, Inc
0006	2	Canon	Canon, Inc
0007	2	Canon	Canon, Inc
0008	2	Canon	Canon, Inc
0009	2	Canon	Canon, Inc
0010	2	Canon	Canon, Inc
0011	2	Canon	Canon, Inc
0012	2	Canon	Canon, Inc
0013	2	Canon	Canon, Inc
0014	2	Canon	Canon, Inc
0015	2	Canon	Canon, Inc
0016	2	Canon	Canon, Inc
0017	2	Canon	Canon, Inc
0018	2	Canon	Canon, Inc
0019	2	Canon	Canon, Inc
0020	2	Canon	Canon, Inc
0021	2	Canon	Canon, Inc
0022	2	Canon	Canon, Inc
0023	2	Canon	Canon, Inc
0024	2	Canon	Canon, Inc
0025	2	Canon	Canon, Inc
0026	2	Canon	Canon, Inc
0027	2	Canon	Canon, Inc
0028	2	Canon	Canon, Inc
0029	2	Canon	Canon, Inc
0030	2	Canon	Canon, Inc
0031	2	Casio	Casio Computer Co., Ltd
0032	2	Casio	Casio Computer Co., Ltd
0033	2	Casio	Casio Computer Co., Ltd
0034	2	Casio	Casio Computer Co., Ltd
0035	2	Casio	Casio Computer Co., Ltd
0036	2	Casio	Casio Computer Co., Ltd
0037	2	Casio	Casio Computer Co., Ltd
0038	2	Casio	Casio Computer Co., Ltd
0039	2	Casio	Casio Computer Co., Ltd
0040	1	Panasonic
0041	1	Panasonic
0042	1	Panasonic
0043	1	Panasonic
0044	1	Panasonic
0045	1	Panasonic
0046	1	Panasonic
0047	1	Panasonic
0048	1	Panasonic
0049	1	Panasonic
0050	1	Panasonic
0051	1	Panasonic
0052	1	Panasonic
0053	1	Panasonic
0054	1	Panasonic
0055	1	Panasonic
0056	1	Panasonic
0057	1	Panasonic
0058	1	Panasonic
0059	1	Panasonic
0060	2	Pentax	PENTAX Imaging Company
0061	2	Pentax	PENTAX Imaging Company
0062	2	Pentax	PENTAX Imaging Company
0063	2	Polaroid	Polaroid Corporation
0064	2	Polaroid	Polaroid Corporation
0065	2	Polaroid	Polaroid Corporation
0066	2	Polaroid	Polaroid Corporation
0067	2	Vivitar	Sakar International, Inc
0068	2	Vivitar	Sakar International, Inc
0069	2	Vivitar	Sakar International, Inc
0070	2	Vivitar	Sakar International, Inc
0071	2	Vivitar	Sakar International, Inc
0072	1	Samsung
0073	1	Samsung
0074	2	Sony	Sony Corporation
0075	2	Sony	Sony Corporation
0076	2	Sony	Sony Corporation
0077	2	Sony	Sony Corporation
0078	2	Stealth Cam	Stealth Cam, LLC
0079	2	Argus	Argus Camera Co., LLC
0080	2	Argus	Argus Camera Co., LLC
0081	2	VistaQuest	VistaQuest Corporation
0082	2	VistaQuest	VistaQuest Corporation
0083	2	VistaQuest	VistaQuest Corporation
0084	2	Vivitar	Vivitar Corporation
0085	2	Vivitar	Vivitar Corporation
0086	2	Vivitar	Vivitar Corporation
0087	2	Casio	Casio Computer Co., Ltd
0088	2	Casio	Casio Computer Co., Ltd
0089	2	Casio	Casio Computer Co., Ltd
0090	2	Casio	Casio Computer Co., Ltd
0091	2	Casio	Casio Computer Co., Ltd
0092	2	Casio	Casio Computer Co., Ltd
0093	2	Casio	Casio Computer Co., Ltd
0094	2	Casio	Casio Computer Co., Ltd
0095	2	Casio	Casio Computer Co., Ltd
0096	2	Casio	Casio Computer Co., Ltd
0097	2	Casio	Casio Computer Co., Ltd
0098	2	Casio	Casio Computer Co., Ltd
0099	2	Casio	Casio Computer Co., Ltd
0100	2	Casio	Casio Computer Co., Ltd
0101	2	Casio	Casio Computer Co., Ltd
0102	2	Cobra	Cobra Electronics Corporation
0103	1	Cobra Digital
0104	1	Cobra Digital
0105	2	Digital Blue	Digital Blue Corporation
0106	2	Sakar	Sakar International, Inc
0107	2	Fujifilm	Fuji Photo Film Co. Ltd
0108	2	Fujifilm	Fuji Photo Film Co. Ltd
0109	2	Fujifilm	Fuji Photo Film Co. Ltd
0110	2	Fujifilm	Fuji Photo Film Co. Ltd
0111	2	Fujifilm	Fuji Photo Film Co. Ltd
0112	2	Fujifilm	Fuji Photo Film Co. Ltd
0113	2	Fujifilm	Fuji Photo Film Co. Ltd
0114	2	Fujifilm	Fuji Photo Film Co. Ltd
0115	2	Fujifilm	Fuji Photo Film Co. Ltd
0116	2	Fujifilm	Fuji Photo Film Co. Ltd
0117	2	Fujifilm	Fuji Photo Film Co. Ltd
0118	2	Fujifilm	Fuji Photo Film Co. Ltd
0119	2	Fujifilm	Fuji Photo Film Co. Ltd
0120	2	Fujifilm	Fuji Photo Film Co. Ltd
0121	2	Fujifilm	Fuji Photo Film Co. Ltd
0122	2	Fujifilm	Fuji Photo Film Co. Ltd
0123	2	Fujifilm	Fuji Photo Film Co. Ltd
0124	2	Fujifilm	Fuji Photo Film Co. Ltd
0125	2	Fujifilm	Fuji Photo Film Co. Ltd
0126	2	Fujifilm	Fuji Photo Film Co. Ltd
0127	2	Fujifilm	Fuji Photo Film Co. Ltd
0128	2	Fujifilm	Fuji Photo Film Co. Ltd
0129	2	Fujifilm	Fuji Photo Film Co. Ltd
0130	2	Fujifilm	Fuji Photo Film Co. Ltd
0131	2	Fujifilm	Fuji Photo Film Co. Ltd
0132	2	Fujifilm	Fuji Photo Film Co. Ltd
0133	2	GE	General Electric Company
0134	2	GE	General Electric Company
0135	2	GE	General Electric Company
0136	2	GE	General Electric Company
0137	2	GE	General Electric Company
0138	2	GE	General Electric Company
0139	2	GE	General Electric Company
0140	2	GE	General Electric Company
0141	2	GE	General Electric Company
0142	2	GE	General Electric Company
0143	2	GE	General Electric Company
0144	2	GE	General Electric Company
0145	2	GE	General Electric Company
0146	2	GE	General Electric Company
0147	2	GE	General Electric Company
0148	2	GE	General Electric Company
0149	2	GE	General Electric Company
0150	2	GE	General Electric Company
0151	2	Kodak	Eastman Kodak Company
0152	2	Kodak	Eastman Kodak Company
0153	2	Kodak	Eastman Kodak Company
0154	2	Kodak	Eastman Kodak Company
0155	2	Kodak	Eastman Kodak Company
0156	2	Kodak	Eastman Kodak Company
0157	2	Kodak	Eastman Kodak Company
0158	2	Kodak	Eastman Kodak Company
0159	2	Kodak	Eastman Kodak Company
0160	2	Kodak	Eastman Kodak Company
0161	2	Kodak	Eastman Kodak Company
0162	2	Kodak	Eastman Kodak Company
0163	2	Kodak	Eastman Kodak Company
0164	2	Kodak	Eastman Kodak Company
0165	2	Kodak	Eastman Kodak Company
0166	2	Kodak	Eastman Kodak Company
0167	2	Kodak	Eastman Kodak Company
0168	2	Kodak	Eastman Kodak Company
0169	2	Kodak	Eastman Kodak Company
0170	2	Kodak	Eastman Kodak Company
0171	2	Kodak	Eastman Kodak Company
0172	2	Nikon	Nikon Corporation
0173	2	Nikon	Nikon Corporation
0174	2	Nikon	Nikon Corporation
0175	2	Nikon	Nikon Corporation
0176	2	Nikon	Nikon Corporation
0177	2	Nikon	Nikon Corporation
0178	2	Nikon	Nikon Corporation
0179	2	Nikon	Nikon Corporation
0180	2	Nikon	Nikon Corporation
0181	2	Nikon	Nikon Corporation
0182	2	Nikon	Nikon Corporation
0183	2	Nikon	Nikon Corporation
0184	2	Nikon	Nikon Corporation
0185	2	Nikon	Nikon Corporation
0186	2	Nikon	Nikon Corporation
0187	2	Nikon	Nikon Corporation
0188	2	Olympus	Olympus Corporation
0189	2	Olympus	Olympus Corporation
0190	2	Olympus	Olympus Corporation
0191	2	Olympus	Olympus Corporation
0192	2	Olympus	Olympus Corporation
0193	2	Olympus	Olympus Corporation
0194	2	Olympus	Olympus Corporation
0195	2	Olympus	Olympus Corporation
0196	2	Olympus	Olympus Corporation
0197	2	Olympus	Olympus Corporation
0198	2	Olympus	Olympus Corporation
0199	2	Olympus	Olympus Corporation
0200	2	Olympus	Olympus Corporation
0201	2	Olympus	Olympus Corporation
0202	2	Olympus	Olympus Corporation
0203	2	Olympus	Olympus Corporation
0204	2	Olympus	Olympus Corporation
0205	2	Olympus	Olympus Corporation
0206	2	Olympus	Olympus Corporation
0207	2	Olympus	Olympus Corporation
0208	2	Olympus	Olympus Corporation
0209	2	Olympus	Olympus Corporation
0210	2	Olympus	Olympus Corporation
0211	2	Olympus	Olympus Corporation
0212	2	Olympus	Olympus Corporation
0213	2	Olympus	Olympus Corporation
0214	2	Olympus	Olympus Corporation
0215	2	Olympus	Olympus Corporation
0216	2	Olympus	Olympus Corporation
0217	2	Olympus	Olympus Corporation
0218	1	Panasonic
0219	1	Panasonic
0220	1	Panasonic
0221	1	Panasonic
0222	1	Panasonic
0223	1	Panasonic
0224	1	Panasonic
0225	1	Panasonic
0226	1	Panasonic
0227	1	Panasonic
0228	1	Panasonic
0229	1	Panasonic
0230	1	Panasonic
0231	1	Panasonic
0232	1	Panasonic
0233	1	Panasonic
0234	1	Panasonic
0235	1	Panasonic
0236	1	Panasonic
0237	1	Panasonic
0238	1	Panasonic
0239	1	Panasonic
0240	1	Panasonic
0241	1	Panasonic
0242	1	Panasonic
0243	1	Panasonic
0244	1	Panasonic
0245	1	Panasonic
0246	1	Panasonic
